<?xml version="1.0" encoding="UTF-8"?><rss version="2.0"
	xmlns:content="http://purl.org/rss/1.0/modules/content/"
	xmlns:wfw="http://wellformedweb.org/CommentAPI/"
	xmlns:dc="http://purl.org/dc/elements/1.1/"
	xmlns:atom="http://www.w3.org/2005/Atom"
	xmlns:sy="http://purl.org/rss/1.0/modules/syndication/"
	xmlns:slash="http://purl.org/rss/1.0/modules/slash/"
	>

<channel>
	<title>Slider &#8211; SAX 2018 guifi.net</title>
	<atom:link href="https://sax2018.ribaguifi.com/category/slider/feed/" rel="self" type="application/rss+xml" />
	<link>https://sax2018.ribaguifi.com/</link>
	<description>Valle de Benasque 2-3 de junio 2018</description>
	<lastBuildDate>Thu, 16 Aug 2018 06:48:08 +0000</lastBuildDate>
	<language>en-US</language>
	<sy:updatePeriod>
	hourly	</sy:updatePeriod>
	<sy:updateFrequency>
	1	</sy:updateFrequency>
	<generator>https://wordpress.org/?v=5.4.4</generator>

<image>
	<url>https://sax2018.ribaguifi.com/wp-content/uploads/2018/04/cropped-ribaheader-32x32.png</url>
	<title>Slider &#8211; SAX 2018 guifi.net</title>
	<link>https://sax2018.ribaguifi.com/</link>
	<width>32</width>
	<height>32</height>
</image> 
	<item>
		<title>Encuentro anual de guifi.net 2018</title>
		<link>https://sax2018.ribaguifi.com/sax2018/</link>
		
		<dc:creator><![CDATA[admin]]></dc:creator>
		<pubDate>Tue, 10 May 2016 03:48:21 +0000</pubDate>
				<category><![CDATA[Slider]]></category>
		<guid isPermaLink="false">https://sax2018.ribaguifi.com/?p=1</guid>

					<description><![CDATA[Valle de Benasque, La Ribagorza]]></description>
										<content:encoded><![CDATA[<p>Valle de Benasque, La Ribagorza</p>
]]></content:encoded>
					
		
		
			</item>
	</channel>
</rss>
