<?xml version="1.0" encoding="UTF-8"?><rss version="2.0"
	xmlns:content="http://purl.org/rss/1.0/modules/content/"
	xmlns:dc="http://purl.org/dc/elements/1.1/"
	xmlns:atom="http://www.w3.org/2005/Atom"
	xmlns:sy="http://purl.org/rss/1.0/modules/syndication/"
	
	>
<channel>
	<title>
	Comments for SAX 2018 guifi.net	</title>
	<atom:link href="https://sax2018.ribaguifi.com/comments/feed/" rel="self" type="application/rss+xml" />
	<link>https://sax2018.ribaguifi.com/</link>
	<description>Valle de Benasque 2-3 de junio 2018</description>
	<lastBuildDate>Thu, 16 Aug 2018 06:48:08 +0000</lastBuildDate>
	<sy:updatePeriod>
	hourly	</sy:updatePeriod>
	<sy:updateFrequency>
	1	</sy:updateFrequency>
	<generator>https://wordpress.org/?v=5.4.4</generator>
</channel>
</rss>
